{"complete": 0.9777777777777777, "petal": 0.9777777777777777, "sepal": 0.8}